{
  "current_step": 6,
  "total_steps": 6,
  "percentage": 100.0,
  "step_description": "Complete",
  "success": true,
  "output_files": [
    "schedule_20250623_232611.json",
    "schedule_report_20250623_232611.txt"
  ],
  "timestamp": "2025-06-23T23:26:14.482376",
  "elapsed_time": 129.306042
}